{"cameraMode":{"drawMode":0,"name":"Shaded","section":"Shading Mode"},"sceneLighting":false,"audioPlay":false,"sceneViewState":{"showFog":true,"showMaterialUpdate":false,"showSkybox":true,"showFlares":true,"showImageEffects":true,"showParticleSystems":true},"in2DMode":false,"pivot":{"x":736.3312377929688,"y":612.473388671875,"z":-985.6093139648438},"rotation":{"x":0.20344555377960206,"y":0.7962427139282227,"z":-0.39086273312568667,"w":0.41452839970588686},"size":6658.1357421875,"orthographic":false}