{"cameraMode":{"drawMode":0,"name":"Shaded","section":"Shading Mode"},"sceneLighting":true,"audioPlay":false,"sceneViewState":{"showFog":true,"showMaterialUpdate":false,"showSkybox":true,"showFlares":true,"showImageEffects":true,"showParticleSystems":true},"in2DMode":false,"pivot":{"x":-531.005615234375,"y":247.22335815429688,"z":383.2629699707031},"rotation":{"x":0.19757811725139619,"y":-0.7201776504516602,"z":0.2277974635362625,"w":0.6248322129249573},"size":1429.1270751953125,"orthographic":false}