{"cameraMode":{"drawMode":0,"name":"Shaded","section":"Shading Mode"},"sceneLighting":false,"audioPlay":false,"sceneViewState":{"showFog":true,"showMaterialUpdate":false,"showSkybox":true,"showFlares":true,"showImageEffects":true,"showParticleSystems":true},"in2DMode":false,"pivot":{"x":-14.750808715820313,"y":0.2839691638946533,"z":-4.615371227264404},"rotation":{"x":-0.02543555200099945,"y":-0.9705992937088013,"z":0.11881634593009949,"w":-0.20778092741966248},"size":4.997947692871094,"orthographic":false}