{"cameraMode":{"drawMode":0,"name":"Shaded","section":"Shading Mode"},"sceneLighting":true,"audioPlay":false,"sceneViewState":{"showFog":true,"showMaterialUpdate":false,"showSkybox":true,"showFlares":true,"showImageEffects":true,"showParticleSystems":true},"in2DMode":false,"pivot":{"x":-531.005615234375,"y":247.22335815429688,"z":383.2629699707031},"rotation":{"x":0.19757813215255738,"y":-0.7201777100563049,"z":0.2277974784374237,"w":0.624832272529602},"size":5845.1025390625,"orthographic":false}