{"cameraMode":{"drawMode":0,"name":"Shaded","section":"Shading Mode"},"sceneLighting":false,"audioPlay":false,"sceneViewState":{"showFog":true,"showMaterialUpdate":false,"showSkybox":true,"showFlares":true,"showImageEffects":true,"showParticleSystems":true},"in2DMode":false,"pivot":{"x":0.0,"y":0.37000006437301638,"z":0.0035974085330963136},"rotation":{"x":0.00873273890465498,"y":0.986271321773529,"z":-0.15543228387832642,"w":0.05507710203528404},"size":3.7821338176727297,"orthographic":false}