{"cameraMode":{"drawMode":0,"name":"Shaded","section":"Shading Mode"},"sceneLighting":true,"audioPlay":false,"sceneViewState":{"showFog":true,"showMaterialUpdate":false,"showSkybox":true,"showFlares":true,"showImageEffects":true,"showParticleSystems":true},"in2DMode":false,"pivot":{"x":1069.2222900390625,"y":261.173095703125,"z":610.7880859375},"rotation":{"x":0.016176845878362657,"y":0.8461790084838867,"z":-0.025629403069615365,"w":0.5320361256599426},"size":986.7198486328125,"orthographic":false}