{"cameraMode":{"drawMode":0,"name":"Shaded","section":"Shading Mode"},"sceneLighting":true,"audioPlay":false,"sceneViewState":{"showFog":true,"showMaterialUpdate":false,"showSkybox":true,"showFlares":true,"showImageEffects":true,"showParticleSystems":true},"in2DMode":false,"pivot":{"x":1909.7330322265625,"y":-159.42697143554688,"z":-640.949951171875},"rotation":{"x":-0.056266505271196368,"y":-0.9254711866378784,"z":0.34235063195228579,"w":-0.1520964503288269},"size":4046.788818359375,"orthographic":false}