{"cameraMode":{"drawMode":0,"name":"Shaded","section":"Shading Mode"},"sceneLighting":true,"audioPlay":false,"sceneViewState":{"showFog":true,"showMaterialUpdate":false,"showSkybox":true,"showFlares":true,"showImageEffects":true,"showParticleSystems":true},"in2DMode":false,"pivot":{"x":604.256103515625,"y":860.908447265625,"z":181.8607177734375},"rotation":{"x":-0.022446634247899057,"y":0.9732376933097839,"z":-0.1084742471575737,"w":-0.20134085416793824},"size":2846.71337890625,"orthographic":false}