{"cameraMode":{"drawMode":0,"name":"Shaded","section":"Shading Mode"},"sceneLighting":true,"audioPlay":false,"sceneViewState":{"showFog":true,"showMaterialUpdate":false,"showSkybox":true,"showFlares":true,"showImageEffects":true,"showParticleSystems":true},"in2DMode":false,"pivot":{"x":468.0254821777344,"y":253.5515899658203,"z":354.4761962890625},"rotation":{"x":0.018099555745720865,"y":-0.9731633067131043,"z":0.08224146068096161,"w":0.2141541838645935},"size":599.844482421875,"orthographic":false}